,0.17,0.37,0.57,0.77,0.97,1.18,1.38,1.58,1.78,1.99,2.19,2.39,2.59,2.79,3.0,3.2,3.4,3.6,3.81,4.01,4.21,4.41,4.62,4.82,5.02,5.22,5.42,5.63,5.83,6.03,6.23,6.44,6.64,6.84,7.04,7.24,7.45,7.65,7.85,8.05,8.26,8.46,8.66,8.86,9.07,9.27,9.47,9.67,9.87,10.08
0.19,0.0,0.0,0.0,50.15035075155315,25.075175375776574,0.0,0.0,0.0,0.0,25.075175375776574,25.075175375776574,0.0,0.0,0.0,75.22552612732973,200.6014030062126,0.0,0.0,275.8269291335423,75.22552612732973,0.0,75.22552612732973,50.15035075155315,0.0,125.37587687888288,100.3007015031063,0.0,0.0,0.0,0.0,0.0,0.0,50.15035075155315,225.67657838198917,75.22552612732973,0.0,0.0,0.0,0.0,0.0,0.0,0.0,0.0,50.15035075155315,250.75175375776575,0.0,0.0,0.0,0.0,0.0
0.39,0.0,0.0,0.0,0.0,25.075175375776574,0.0,50.15035075155315,0.0,0.0,0.0,0.0,25.075175375776574,100.3007015031063,50.15035075155315,0.0,0.0,0.0,0.0,25.075175375776574,0.0,0.0,0.0,75.22552612732973,0.0,75.22552612732973,175.526227630436,0.0,0.0,0.0,0.0,0.0,50.15035075155315,25.075175375776574,25.075175375776574,0.0,0.0,0.0,0.0,0.0,100.3007015031063,25.075175375776574,0.0,0.0,0.0,125.37587687888288,0.0,0.0,0.0,0.0,0.0
0.59,0.0,0.0,0.0,0.0,0.0,25.075175375776574,50.15035075155315,0.0,0.0,75.22552612732973,175.526227630436,75.22552612732973,25.075175375776574,25.075175375776574,0.0,0.0,0.0,0.0,0.0,0.0,0.0,0.0,0.0,0.0,0.0,0.0,0.0,0.0,0.0,75.22552612732973,100.3007015031063,200.6014030062126,175.526227630436,0.0,0.0,0.0,0.0,0.0,0.0,0.0,0.0,0.0,0.0,50.15035075155315,75.22552612732973,0.0,0.0,200.6014030062126,0.0,0.0
0.79,0.0,25.075175375776574,75.22552612732973,0.0,0.0,0.0,125.37587687888288,125.37587687888288,0.0,0.0,50.15035075155315,0.0,0.0,0.0,0.0,200.6014030062126,25.075175375776574,0.0,0.0,0.0,0.0,0.0,0.0,0.0,50.15035075155315,0.0,0.0,0.0,0.0,25.075175375776574,275.8269291335423,300.9021045093189,100.3007015031063,25.075175375776574,0.0,0.0,0.0,0.0,0.0,0.0,0.0,0.0,0.0,0.0,0.0,0.0,50.15035075155315,50.15035075155315,0.0,0.0
0.99,0.0,75.22552612732973,225.67657838198917,175.526227630436,175.526227630436,75.22552612732973,25.075175375776574,0.0,0.0,50.15035075155315,75.22552612732973,0.0,0.0,0.0,0.0,25.075175375776574,0.0,0.0,0.0,0.0,0.0,0.0,25.075175375776574,250.75175375776575,175.526227630436,25.075175375776574,0.0,0.0,0.0,0.0,150.45105225465946,200.6014030062126,25.075175375776574,0.0,0.0,0.0,0.0,0.0,0.0,0.0,0.0,0.0,0.0,0.0,0.0,0.0,0.0,0.0,0.0,0.0
1.19,0.0,0.0,225.67657838198917,175.526227630436,100.3007015031063,376.12763063664863,125.37587687888288,0.0,25.075175375776574,125.37587687888288,50.15035075155315,50.15035075155315,150.45105225465946,50.15035075155315,0.0,0.0,0.0,50.15035075155315,125.37587687888288,25.075175375776574,0.0,0.0,0.0,25.075175375776574,200.6014030062126,100.3007015031063,0.0,0.0,0.0,0.0,0.0,50.15035075155315,0.0,0.0,0.0,50.15035075155315,100.3007015031063,100.3007015031063,0.0,0.0,0.0,0.0,25.075175375776574,75.22552612732973,0.0,0.0,0.0,25.075175375776574,0.0,0.0
1.39,0.0,0.0,25.075175375776574,250.75175375776575,225.67657838198917,250.75175375776575,75.22552612732973,75.22552612732973,0.0,0.0,0.0,125.37587687888288,125.37587687888288,0.0,0.0,0.0,0.0,125.37587687888288,300.9021045093189,50.15035075155315,0.0,0.0,0.0,0.0,25.075175375776574,125.37587687888288,0.0,25.075175375776574,25.075175375776574,0.0,0.0,0.0,0.0,50.15035075155315,0.0,0.0,25.075175375776574,25.075175375776574,0.0,0.0,0.0,0.0,25.075175375776574,100.3007015031063,0.0,0.0,0.0,125.37587687888288,100.3007015031063,0.0
1.59,0.0,0.0,0.0,75.22552612732973,275.8269291335423,100.3007015031063,150.45105225465946,200.6014030062126,0.0,0.0,100.3007015031063,100.3007015031063,0.0,0.0,25.075175375776574,100.3007015031063,0.0,0.0,50.15035075155315,0.0,0.0,0.0,0.0,0.0,0.0,0.0,25.075175375776574,200.6014030062126,0.0,0.0,0.0,0.0,25.075175375776574,200.6014030062126,0.0,0.0,0.0,0.0,0.0,0.0,0.0,0.0,0.0,0.0,0.0,0.0,0.0,0.0,0.0,0.0
1.79,0.0,0.0,0.0,0.0,250.75175375776575,150.45105225465946,150.45105225465946,75.22552612732973,0.0,0.0,75.22552612732973,25.075175375776574,0.0,0.0,75.22552612732973,225.67657838198917,0.0,0.0,0.0,0.0,0.0,0.0,0.0,0.0,25.075175375776574,0.0,0.0,0.0,0.0,0.0,0.0,0.0,0.0,0.0,0.0,0.0,0.0,0.0,0.0,0.0,0.0,0.0,0.0,0.0,0.0,25.075175375776574,0.0,0.0,0.0,0.0
2.0,0.0,0.0,0.0,0.0,175.526227630436,200.6014030062126,250.75175375776575,200.6014030062126,0.0,0.0,0.0,0.0,0.0,0.0,50.15035075155315,125.37587687888288,0.0,0.0,0.0,0.0,0.0,0.0,0.0,0.0,0.0,0.0,0.0,0.0,0.0,0.0,0.0,0.0,0.0,25.075175375776574,50.15035075155315,50.15035075155315,0.0,0.0,125.37587687888288,75.22552612732973,25.075175375776574,50.15035075155315,0.0,0.0,0.0,175.526227630436,75.22552612732973,0.0,0.0,0.0
2.2,0.0,0.0,0.0,0.0,100.3007015031063,100.3007015031063,150.45105225465946,100.3007015031063,0.0,0.0,50.15035075155315,0.0,25.075175375776574,125.37587687888288,25.075175375776574,0.0,0.0,0.0,50.15035075155315,75.22552612732973,0.0,0.0,0.0,0.0,0.0,0.0,25.075175375776574,0.0,0.0,0.0,0.0,0.0,25.075175375776574,100.3007015031063,25.075175375776574,25.075175375776574,0.0,0.0,75.22552612732973,175.526227630436,0.0,25.075175375776574,0.0,0.0,0.0,0.0,0.0,0.0,0.0,0.0
2.4,0.0,0.0,0.0,0.0,125.37587687888288,275.8269291335423,150.45105225465946,25.075175375776574,50.15035075155315,25.075175375776574,100.3007015031063,50.15035075155315,25.075175375776574,376.12763063664863,0.0,25.075175375776574,25.075175375776574,0.0,125.37587687888288,0.0,0.0,0.0,0.0,0.0,0.0,0.0,125.37587687888288,125.37587687888288,50.15035075155315,0.0,0.0,0.0,25.075175375776574,175.526227630436,25.075175375776574,0.0,0.0,0.0,0.0,0.0,0.0,125.37587687888288,50.15035075155315,0.0,125.37587687888288,150.45105225465946,0.0,0.0,0.0,0.0
2.6,0.0,0.0,0.0,0.0,0.0,50.15035075155315,25.075175375776574,0.0,50.15035075155315,0.0,0.0,75.22552612732973,25.075175375776574,25.075175375776574,0.0,75.22552612732973,75.22552612732973,25.075175375776574,0.0,0.0,0.0,0.0,0.0,0.0,0.0,0.0,25.075175375776574,275.8269291335423,125.37587687888288,0.0,0.0,0.0,150.45105225465946,401.2028060124252,150.45105225465946,0.0,0.0,0.0,0.0,0.0,0.0,0.0,0.0,0.0,25.075175375776574,50.15035075155315,0.0,0.0,0.0,0.0
2.8,0.0,0.0,0.0,0.0,0.0,0.0,0.0,75.22552612732973,0.0,25.075175375776574,0.0,0.0,125.37587687888288,75.22552612732973,25.075175375776574,0.0,75.22552612732973,0.0,0.0,0.0,25.075175375776574,0.0,0.0,0.0,0.0,0.0,0.0,25.075175375776574,25.075175375776574,0.0,0.0,50.15035075155315,175.526227630436,351.052455260872,476.4283321397549,50.15035075155315,0.0,0.0,0.0,0.0,0.0,0.0,0.0,0.0,0.0,0.0,75.22552612732973,125.37587687888288,0.0,0.0
3.0,25.075175375776574,0.0,0.0,0.0,0.0,0.0,0.0,0.0,50.15035075155315,50.15035075155315,0.0,225.67657838198917,75.22552612732973,275.8269291335423,0.0,0.0,0.0,0.0,0.0,0.0,225.67657838198917,100.3007015031063,0.0,0.0,0.0,0.0,0.0,0.0,0.0,0.0,0.0,0.0,275.8269291335423,275.8269291335423,250.75175375776575,25.075175375776574,0.0,0.0,0.0,0.0,50.15035075155315,0.0,0.0,0.0,0.0,0.0,50.15035075155315,275.8269291335423,25.075175375776574,0.0
3.2,250.75175375776575,75.22552612732973,0.0,25.075175375776574,0.0,75.22552612732973,75.22552612732973,0.0,25.075175375776574,0.0,0.0,100.3007015031063,50.15035075155315,200.6014030062126,0.0,25.075175375776574,0.0,0.0,0.0,0.0,25.075175375776574,25.075175375776574,0.0,0.0,0.0,0.0,0.0,0.0,0.0,0.0,0.0,25.075175375776574,225.67657838198917,275.8269291335423,200.6014030062126,100.3007015031063,0.0,0.0,0.0,0.0,0.0,0.0,50.15035075155315,150.45105225465946,125.37587687888288,50.15035075155315,50.15035075155315,125.37587687888288,25.075175375776574,0.0
3.4,150.45105225465946,351.052455260872,50.15035075155315,0.0,0.0,25.075175375776574,175.526227630436,25.075175375776574,0.0,0.0,0.0,0.0,0.0,50.15035075155315,0.0,0.0,0.0,0.0,0.0,25.075175375776574,0.0,0.0,0.0,0.0,0.0,0.0,0.0,0.0,0.0,0.0,0.0,125.37587687888288,300.9021045093189,275.8269291335423,250.75175375776575,325.97727988509547,125.37587687888288,0.0,0.0,0.0,0.0,25.075175375776574,150.45105225465946,75.22552612732973,426.2779813882018,175.526227630436,25.075175375776574,0.0,0.0,0.0
3.6,200.6014030062126,175.526227630436,150.45105225465946,50.15035075155315,0.0,0.0,75.22552612732973,75.22552612732973,0.0,0.0,0.0,25.075175375776574,25.075175375776574,0.0,0.0,0.0,0.0,0.0,0.0,200.6014030062126,25.075175375776574,0.0,0.0,0.0,0.0,0.0,0.0,0.0,0.0,0.0,50.15035075155315,25.075175375776574,25.075175375776574,75.22552612732973,25.075175375776574,75.22552612732973,100.3007015031063,0.0,0.0,0.0,100.3007015031063,225.67657838198917,250.75175375776575,351.052455260872,225.67657838198917,300.9021045093189,100.3007015031063,0.0,0.0,0.0
3.8,225.67657838198917,200.6014030062126,200.6014030062126,125.37587687888288,50.15035075155315,0.0,0.0,25.075175375776574,0.0,0.0,0.0,50.15035075155315,0.0,0.0,0.0,0.0,0.0,0.0,0.0,50.15035075155315,275.8269291335423,25.075175375776574,0.0,25.075175375776574,75.22552612732973,0.0,0.0,0.0,0.0,50.15035075155315,25.075175375776574,0.0,0.0,0.0,0.0,0.0,0.0,0.0,0.0,100.3007015031063,300.9021045093189,175.526227630436,75.22552612732973,376.12763063664863,325.97727988509547,150.45105225465946,125.37587687888288,50.15035075155315,0.0,0.0
4.0,125.37587687888288,150.45105225465946,225.67657838198917,75.22552612732973,125.37587687888288,0.0,0.0,125.37587687888288,75.22552612732973,0.0,0.0,0.0,0.0,0.0,0.0,0.0,0.0,0.0,0.0,100.3007015031063,275.8269291335423,75.22552612732973,0.0,0.0,175.526227630436,25.075175375776574,100.3007015031063,225.67657838198917,200.6014030062126,0.0,0.0,0.0,0.0,0.0,0.0,0.0,0.0,0.0,0.0,175.526227630436,300.9021045093189,250.75175375776575,300.9021045093189,125.37587687888288,150.45105225465946,200.6014030062126,175.526227630436,75.22552612732973,0.0,0.0
4.2,125.37587687888288,275.8269291335423,200.6014030062126,175.526227630436,225.67657838198917,50.15035075155315,0.0,50.15035075155315,50.15035075155315,0.0,0.0,0.0,0.0,0.0,0.0,0.0,0.0,0.0,0.0,25.075175375776574,250.75175375776575,75.22552612732973,0.0,50.15035075155315,175.526227630436,0.0,75.22552612732973,150.45105225465946,0.0,0.0,0.0,0.0,0.0,0.0,0.0,25.075175375776574,0.0,0.0,0.0,125.37587687888288,200.6014030062126,325.97727988509547,125.37587687888288,376.12763063664863,200.6014030062126,150.45105225465946,275.8269291335423,25.075175375776574,0.0,25.075175375776574
4.4,200.6014030062126,250.75175375776575,225.67657838198917,175.526227630436,250.75175375776575,75.22552612732973,0.0,0.0,0.0,0.0,50.15035075155315,0.0,0.0,0.0,0.0,0.0,0.0,0.0,0.0,0.0,50.15035075155315,0.0,0.0,0.0,0.0,25.075175375776574,125.37587687888288,0.0,0.0,0.0,0.0,0.0,0.0,0.0,50.15035075155315,125.37587687888288,50.15035075155315,0.0,0.0,50.15035075155315,225.67657838198917,50.15035075155315,175.526227630436,225.67657838198917,150.45105225465946,351.052455260872,25.075175375776574,25.075175375776574,175.526227630436,100.3007015031063
4.6,150.45105225465946,250.75175375776575,300.9021045093189,100.3007015031063,351.052455260872,150.45105225465946,0.0,0.0,0.0,0.0,0.0,0.0,0.0,0.0,0.0,0.0,25.075175375776574,25.075175375776574,0.0,0.0,0.0,125.37587687888288,0.0,0.0,75.22552612732973,0.0,25.075175375776574,0.0,0.0,0.0,0.0,0.0,0.0,0.0,275.8269291335423,50.15035075155315,0.0,0.0,0.0,0.0,0.0,0.0,75.22552612732973,150.45105225465946,125.37587687888288,125.37587687888288,25.075175375776574,25.075175375776574,175.526227630436,150.45105225465946
4.8,125.37587687888288,125.37587687888288,300.9021045093189,200.6014030062126,175.526227630436,150.45105225465946,0.0,0.0,0.0,0.0,0.0,0.0,0.0,0.0,0.0,0.0,50.15035075155315,150.45105225465946,125.37587687888288,0.0,0.0,75.22552612732973,0.0,0.0,100.3007015031063,100.3007015031063,25.075175375776574,0.0,0.0,0.0,0.0,0.0,0.0,0.0,50.15035075155315,50.15035075155315,0.0,0.0,0.0,0.0,0.0,0.0,75.22552612732973,175.526227630436,250.75175375776575,100.3007015031063,0.0,0.0,0.0,25.075175375776574
5.01,175.526227630436,200.6014030062126,150.45105225465946,200.6014030062126,100.3007015031063,200.6014030062126,0.0,0.0,75.22552612732973,0.0,0.0,100.3007015031063,100.3007015031063,75.22552612732973,0.0,0.0,0.0,175.526227630436,75.22552612732973,0.0,0.0,0.0,0.0,0.0,50.15035075155315,125.37587687888288,25.075175375776574,0.0,25.075175375776574,0.0,0.0,0.0,0.0,0.0,0.0,25.075175375776574,25.075175375776574,0.0,0.0,0.0,25.075175375776574,25.075175375776574,50.15035075155315,225.67657838198917,250.75175375776575,200.6014030062126,125.37587687888288,0.0,0.0,0.0
5.21,250.75175375776575,100.3007015031063,300.9021045093189,200.6014030062126,75.22552612732973,25.075175375776574,0.0,0.0,0.0,0.0,25.075175375776574,175.526227630436,175.526227630436,0.0,0.0,50.15035075155315,50.15035075155315,0.0,50.15035075155315,50.15035075155315,0.0,0.0,0.0,0.0,0.0,0.0,0.0,0.0,125.37587687888288,225.67657838198917,0.0,25.075175375776574,0.0,0.0,25.075175375776574,225.67657838198917,75.22552612732973,0.0,0.0,0.0,0.0,275.8269291335423,75.22552612732973,225.67657838198917,175.526227630436,175.526227630436,175.526227630436,0.0,0.0,0.0
5.41,275.8269291335423,300.9021045093189,125.37587687888288,200.6014030062126,100.3007015031063,0.0,0.0,0.0,0.0,0.0,0.0,75.22552612732973,25.075175375776574,50.15035075155315,0.0,125.37587687888288,175.526227630436,0.0,0.0,0.0,0.0,0.0,100.3007015031063,0.0,0.0,25.075175375776574,0.0,25.075175375776574,100.3007015031063,225.67657838198917,50.15035075155315,150.45105225465946,50.15035075155315,0.0,25.075175375776574,200.6014030062126,25.075175375776574,0.0,75.22552612732973,0.0,50.15035075155315,75.22552612732973,0.0,75.22552612732973,50.15035075155315,0.0,25.075175375776574,0.0,0.0,0.0
5.61,125.37587687888288,150.45105225465946,325.97727988509547,50.15035075155315,0.0,0.0,0.0,0.0,0.0,0.0,0.0,0.0,0.0,50.15035075155315,0.0,50.15035075155315,25.075175375776574,0.0,0.0,0.0,0.0,75.22552612732973,125.37587687888288,0.0,50.15035075155315,125.37587687888288,25.075175375776574,0.0,0.0,0.0,25.075175375776574,125.37587687888288,100.3007015031063,0.0,175.526227630436,150.45105225465946,0.0,0.0,50.15035075155315,0.0,75.22552612732973,75.22552612732973,75.22552612732973,0.0,0.0,150.45105225465946,100.3007015031063,25.075175375776574,0.0,0.0
5.81,250.75175375776575,275.8269291335423,50.15035075155315,0.0,0.0,0.0,0.0,0.0,0.0,0.0,0.0,0.0,0.0,0.0,0.0,75.22552612732973,0.0,0.0,25.075175375776574,25.075175375776574,0.0,0.0,0.0,0.0,0.0,0.0,0.0,0.0,0.0,0.0,0.0,0.0,50.15035075155315,0.0,50.15035075155315,0.0,225.67657838198917,100.3007015031063,0.0,0.0,0.0,50.15035075155315,50.15035075155315,0.0,0.0,75.22552612732973,100.3007015031063,50.15035075155315,0.0,0.0
6.01,200.6014030062126,275.8269291335423,0.0,0.0,0.0,0.0,0.0,0.0,25.075175375776574,0.0,0.0,25.075175375776574,50.15035075155315,225.67657838198917,25.075175375776574,0.0,0.0,0.0,175.526227630436,100.3007015031063,0.0,0.0,0.0,0.0,0.0,0.0,0.0,0.0,0.0,0.0,0.0,0.0,0.0,0.0,0.0,0.0,75.22552612732973,150.45105225465946,0.0,200.6014030062126,225.67657838198917,125.37587687888288,0.0,0.0,0.0,0.0,0.0,0.0,0.0,0.0
6.21,100.3007015031063,100.3007015031063,0.0,0.0,0.0,25.075175375776574,0.0,200.6014030062126,300.9021045093189,0.0,0.0,75.22552612732973,25.075175375776574,25.075175375776574,0.0,75.22552612732973,25.075175375776574,25.075175375776574,50.15035075155315,100.3007015031063,0.0,0.0,100.3007015031063,25.075175375776574,0.0,50.15035075155315,25.075175375776574,0.0,125.37587687888288,100.3007015031063,0.0,0.0,25.075175375776574,100.3007015031063,0.0,0.0,0.0,0.0,0.0,200.6014030062126,150.45105225465946,150.45105225465946,0.0,0.0,0.0,0.0,0.0,0.0,0.0,0.0
6.41,100.3007015031063,0.0,0.0,0.0,0.0,50.15035075155315,0.0,50.15035075155315,25.075175375776574,0.0,0.0,0.0,0.0,0.0,0.0,0.0,0.0,175.526227630436,50.15035075155315,0.0,0.0,125.37587687888288,50.15035075155315,0.0,100.3007015031063,100.3007015031063,0.0,0.0,125.37587687888288,250.75175375776575,0.0,0.0,125.37587687888288,100.3007015031063,200.6014030062126,75.22552612732973,50.15035075155315,0.0,0.0,25.075175375776574,150.45105225465946,150.45105225465946,125.37587687888288,25.075175375776574,175.526227630436,100.3007015031063,150.45105225465946,25.075175375776574,0.0,0.0
6.61,75.22552612732973,25.075175375776574,0.0,0.0,0.0,0.0,0.0,0.0,0.0,0.0,0.0,0.0,0.0,0.0,0.0,25.075175375776574,225.67657838198917,75.22552612732973,0.0,75.22552612732973,0.0,0.0,50.15035075155315,0.0,0.0,0.0,0.0,0.0,50.15035075155315,25.075175375776574,25.075175375776574,25.075175375776574,0.0,100.3007015031063,50.15035075155315,50.15035075155315,125.37587687888288,125.37587687888288,0.0,0.0,25.075175375776574,200.6014030062126,175.526227630436,100.3007015031063,25.075175375776574,25.075175375776574,100.3007015031063,325.97727988509547,200.6014030062126,25.075175375776574
6.81,0.0,0.0,0.0,0.0,0.0,0.0,200.6014030062126,0.0,0.0,0.0,0.0,0.0,0.0,0.0,25.075175375776574,75.22552612732973,50.15035075155315,0.0,25.075175375776574,125.37587687888288,0.0,25.075175375776574,25.075175375776574,0.0,0.0,0.0,0.0,0.0,0.0,0.0,25.075175375776574,75.22552612732973,0.0,0.0,25.075175375776574,225.67657838198917,0.0,50.15035075155315,0.0,0.0,0.0,0.0,0.0,0.0,0.0,0.0,100.3007015031063,225.67657838198917,250.75175375776575,275.8269291335423
7.01,0.0,0.0,0.0,0.0,0.0,0.0,0.0,0.0,0.0,0.0,0.0,0.0,0.0,0.0,50.15035075155315,0.0,0.0,0.0,0.0,0.0,0.0,0.0,125.37587687888288,0.0,0.0,125.37587687888288,25.075175375776574,0.0,50.15035075155315,50.15035075155315,0.0,125.37587687888288,150.45105225465946,0.0,0.0,75.22552612732973,0.0,150.45105225465946,50.15035075155315,0.0,0.0,0.0,0.0,0.0,0.0,0.0,25.075175375776574,200.6014030062126,175.526227630436,225.67657838198917
7.21,0.0,0.0,0.0,0.0,0.0,0.0,0.0,25.075175375776574,175.526227630436,0.0,0.0,0.0,0.0,75.22552612732973,50.15035075155315,50.15035075155315,25.075175375776574,0.0,50.15035075155315,0.0,25.075175375776574,200.6014030062126,175.526227630436,100.3007015031063,50.15035075155315,125.37587687888288,0.0,0.0,75.22552612732973,50.15035075155315,0.0,0.0,225.67657838198917,25.075175375776574,25.075175375776574,0.0,0.0,0.0,0.0,0.0,0.0,25.075175375776574,75.22552612732973,275.8269291335423,250.75175375776575,0.0,0.0,50.15035075155315,0.0,25.075175375776574
7.41,0.0,0.0,0.0,0.0,0.0,0.0,0.0,125.37587687888288,125.37587687888288,0.0,0.0,0.0,75.22552612732973,100.3007015031063,0.0,25.075175375776574,50.15035075155315,0.0,150.45105225465946,25.075175375776574,0.0,0.0,0.0,100.3007015031063,0.0,0.0,25.075175375776574,325.97727988509547,25.075175375776574,75.22552612732973,0.0,0.0,25.075175375776574,0.0,125.37587687888288,125.37587687888288,75.22552612732973,0.0,50.15035075155315,0.0,0.0,150.45105225465946,225.67657838198917,175.526227630436,100.3007015031063,50.15035075155315,0.0,100.3007015031063,125.37587687888288,50.15035075155315
7.61,0.0,0.0,0.0,0.0,100.3007015031063,25.075175375776574,75.22552612732973,275.8269291335423,225.67657838198917,50.15035075155315,0.0,0.0,125.37587687888288,125.37587687888288,0.0,50.15035075155315,100.3007015031063,0.0,200.6014030062126,0.0,0.0,0.0,0.0,0.0,0.0,0.0,25.075175375776574,200.6014030062126,25.075175375776574,0.0,0.0,0.0,0.0,0.0,75.22552612732973,200.6014030062126,50.15035075155315,175.526227630436,250.75175375776575,25.075175375776574,125.37587687888288,75.22552612732973,0.0,0.0,50.15035075155315,25.075175375776574,0.0,75.22552612732973,200.6014030062126,175.526227630436
7.82,0.0,0.0,100.3007015031063,125.37587687888288,250.75175375776575,250.75175375776575,250.75175375776575,250.75175375776575,200.6014030062126,100.3007015031063,0.0,0.0,50.15035075155315,150.45105225465946,0.0,50.15035075155315,125.37587687888288,0.0,0.0,50.15035075155315,0.0,0.0,125.37587687888288,0.0,0.0,0.0,25.075175375776574,50.15035075155315,0.0,175.526227630436,150.45105225465946,0.0,0.0,0.0,0.0,0.0,0.0,125.37587687888288,100.3007015031063,25.075175375776574,275.8269291335423,25.075175375776574,0.0,25.075175375776574,225.67657838198917,0.0,0.0,0.0,175.526227630436,75.22552612732973
8.02,150.45105225465946,125.37587687888288,275.8269291335423,200.6014030062126,150.45105225465946,200.6014030062126,175.526227630436,225.67657838198917,300.9021045093189,200.6014030062126,0.0,0.0,0.0,0.0,0.0,0.0,0.0,175.526227630436,0.0,0.0,50.15035075155315,0.0,25.075175375776574,0.0,0.0,0.0,25.075175375776574,75.22552612732973,25.075175375776574,50.15035075155315,200.6014030062126,150.45105225465946,0.0,0.0,0.0,0.0,175.526227630436,275.8269291335423,0.0,75.22552612732973,75.22552612732973,0.0,0.0,0.0,50.15035075155315,50.15035075155315,125.37587687888288,175.526227630436,0.0,25.075175375776574
8.22,225.67657838198917,250.75175375776575,100.3007015031063,75.22552612732973,351.052455260872,175.526227630436,175.526227630436,150.45105225465946,175.526227630436,150.45105225465946,25.075175375776574,0.0,50.15035075155315,150.45105225465946,0.0,0.0,0.0,25.075175375776574,0.0,0.0,200.6014030062126,0.0,0.0,0.0,0.0,0.0,50.15035075155315,25.075175375776574,50.15035075155315,25.075175375776574,25.075175375776574,75.22552612732973,0.0,0.0,0.0,25.075175375776574,225.67657838198917,225.67657838198917,0.0,150.45105225465946,325.97727988509547,100.3007015031063,0.0,0.0,100.3007015031063,200.6014030062126,225.67657838198917,325.97727988509547,0.0,0.0
8.42,300.9021045093189,225.67657838198917,300.9021045093189,275.8269291335423,150.45105225465946,225.67657838198917,200.6014030062126,125.37587687888288,100.3007015031063,175.526227630436,200.6014030062126,150.45105225465946,200.6014030062126,225.67657838198917,275.8269291335423,0.0,0.0,0.0,0.0,0.0,50.15035075155315,0.0,0.0,75.22552612732973,0.0,0.0,0.0,0.0,25.075175375776574,0.0,25.075175375776574,150.45105225465946,50.15035075155315,0.0,175.526227630436,25.075175375776574,50.15035075155315,75.22552612732973,0.0,25.075175375776574,250.75175375776575,150.45105225465946,0.0,25.075175375776574,25.075175375776574,75.22552612732973,0.0,25.075175375776574,0.0,0.0
8.62,250.75175375776575,200.6014030062126,150.45105225465946,325.97727988509547,200.6014030062126,225.67657838198917,275.8269291335423,376.12763063664863,250.75175375776575,200.6014030062126,175.526227630436,325.97727988509547,300.9021045093189,175.526227630436,250.75175375776575,75.22552612732973,0.0,0.0,0.0,0.0,0.0,0.0,0.0,200.6014030062126,0.0,0.0,0.0,0.0,0.0,0.0,0.0,0.0,25.075175375776574,0.0,25.075175375776574,0.0,0.0,150.45105225465946,0.0,0.0,100.3007015031063,175.526227630436,150.45105225465946,200.6014030062126,200.6014030062126,200.6014030062126,200.6014030062126,75.22552612732973,0.0,0.0
8.82,150.45105225465946,275.8269291335423,275.8269291335423,200.6014030062126,250.75175375776575,75.22552612732973,225.67657838198917,175.526227630436,225.67657838198917,325.97727988509547,100.3007015031063,200.6014030062126,250.75175375776575,225.67657838198917,275.8269291335423,125.37587687888288,0.0,150.45105225465946,0.0,0.0,0.0,0.0,0.0,0.0,0.0,0.0,0.0,0.0,100.3007015031063,0.0,0.0,0.0,0.0,0.0,0.0,25.075175375776574,25.075175375776574,25.075175375776574,75.22552612732973,0.0,0.0,25.075175375776574,175.526227630436,125.37587687888288,100.3007015031063,100.3007015031063,50.15035075155315,150.45105225465946,125.37587687888288,0.0
9.02,75.22552612732973,200.6014030062126,100.3007015031063,175.526227630436,125.37587687888288,225.67657838198917,125.37587687888288,376.12763063664863,300.9021045093189,275.8269291335423,0.0,0.0,0.0,100.3007015031063,175.526227630436,125.37587687888288,50.15035075155315,0.0,0.0,25.075175375776574,100.3007015031063,0.0,0.0,125.37587687888288,25.075175375776574,0.0,0.0,150.45105225465946,125.37587687888288,25.075175375776574,0.0,25.075175375776574,0.0,0.0,0.0,100.3007015031063,150.45105225465946,0.0,0.0,0.0,50.15035075155315,0.0,100.3007015031063,0.0,200.6014030062126,100.3007015031063,0.0,25.075175375776574,225.67657838198917,0.0
9.22,25.075175375776574,75.22552612732973,0.0,0.0,0.0,125.37587687888288,150.45105225465946,25.075175375776574,200.6014030062126,200.6014030062126,0.0,25.075175375776574,0.0,0.0,0.0,0.0,50.15035075155315,0.0,0.0,0.0,0.0,0.0,0.0,200.6014030062126,125.37587687888288,0.0,0.0,100.3007015031063,225.67657838198917,0.0,0.0,50.15035075155315,0.0,0.0,0.0,50.15035075155315,25.075175375776574,0.0,0.0,100.3007015031063,275.8269291335423,0.0,0.0,0.0,50.15035075155315,50.15035075155315,100.3007015031063,0.0,100.3007015031063,25.075175375776574
9.42,0.0,0.0,0.0,0.0,0.0,175.526227630436,0.0,0.0,75.22552612732973,50.15035075155315,50.15035075155315,250.75175375776575,50.15035075155315,0.0,0.0,0.0,0.0,0.0,0.0,100.3007015031063,50.15035075155315,0.0,0.0,0.0,25.075175375776574,0.0,0.0,25.075175375776574,125.37587687888288,0.0,0.0,0.0,0.0,0.0,0.0,0.0,0.0,0.0,0.0,75.22552612732973,250.75175375776575,0.0,50.15035075155315,300.9021045093189,0.0,0.0,100.3007015031063,225.67657838198917,351.052455260872,75.22552612732973
9.62,0.0,0.0,0.0,0.0,0.0,0.0,0.0,0.0,0.0,0.0,175.526227630436,250.75175375776575,200.6014030062126,0.0,0.0,0.0,0.0,0.0,0.0,25.075175375776574,100.3007015031063,0.0,0.0,0.0,0.0,0.0,0.0,0.0,0.0,0.0,0.0,0.0,0.0,0.0,0.0,0.0,0.0,50.15035075155315,75.22552612732973,100.3007015031063,200.6014030062126,75.22552612732973,25.075175375776574,25.075175375776574,0.0,0.0,0.0,225.67657838198917,75.22552612732973,125.37587687888288
9.82,0.0,0.0,0.0,0.0,0.0,0.0,0.0,0.0,0.0,0.0,50.15035075155315,250.75175375776575,0.0,0.0,0.0,0.0,0.0,0.0,0.0,0.0,225.67657838198917,0.0,0.0,0.0,0.0,0.0,0.0,0.0,0.0,0.0,50.15035075155315,0.0,125.37587687888288,125.37587687888288,0.0,0.0,0.0,100.3007015031063,150.45105225465946,25.075175375776574,200.6014030062126,50.15035075155315,0.0,0.0,50.15035075155315,25.075175375776574,0.0,0.0,75.22552612732973,75.22552612732973
10.02,0.0,0.0,0.0,0.0,0.0,0.0,0.0,0.0,0.0,0.0,0.0,0.0,0.0,0.0,0.0,0.0,0.0,0.0,0.0,0.0,0.0,0.0,0.0,0.0,0.0,0.0,0.0,0.0,0.0,50.15035075155315,225.67657838198917,0.0,0.0,0.0,0.0,0.0,0.0,0.0,0.0,0.0,0.0,0.0,0.0,0.0,175.526227630436,175.526227630436,25.075175375776574,0.0,50.15035075155315,0.0
